city,business_count,avg_rating,avg_reviews
Austin,200,4.2739999999999965,1048.8050000000000000
